{"erato": [0.5640000000000001, 0.739, 1.578, 1.552, 2.117, 4.094, 13.752, 24.26, 24.43, 30.450000000000003, 64.03699999999999, 133.279, 223.457, 305.187, 343.253, 670.338, 1394.717, 2219.337, 2917.277, 3624.555, 5727.31, 7528.987, 9790.172999999999, 11631.029], "atkin": [0.433, 0.574, 0.898, 1.3780000000000001, 1.4760000000000002, 2.9139999999999997, 5.879, 10.735, 12.256, 14.808, 26.383, 51.956, 78.288, 109.434, 139.388, 283.28999999999996, 583.881, 887.3180000000001, 1198.753, 1509.757, 2278.8430000000003, 3062.6639999999998, 3884.044, 4693.728], "primes": [0.158, 0.16699999999999998, 0.22699999999999998, 0.25999999999999995, 0.317, 0.772, 1.425, 2.038, 2.915, 3.438, 8.822, 21.378, 30.359, 36.276, 47.799, 97.85000000000001, 206.94000000000003, 329.24399999999997, 439.90000000000003, 552.884, 850.3929999999999, 1138.224, 1441.837, 1736.207], "primes1": [0.154, 0.177, 0.264, 0.324, 0.384, 0.9349999999999999, 1.639, 2.518, 3.245, 3.952, 10.236, 18.023999999999997, 32.275999999999996, 36.434000000000005, 45.055, 98.95700000000001, 203.838, 309.093, 416.711, 523.754, 819.668, 1106.3899999999999, 1391.275, 1657.827], "primesfrom3to": [31.113, 0.314, 0.177, 0.147, 0.152, 0.27099999999999996, 0.402, 0.5770000000000001, 0.713, 0.837, 1.5510000000000002, 23.878, 4.6899999999999995, 4.904999999999999, 5.779, 11.362, 25.078, 43.134, 74.05399999999999, 104.733, 174.799, 242.386, 305.616, 373.09999999999997], "primesfrom2to": [0.29500000000000004, 0.156, 0.132, 0.14400000000000002, 0.16699999999999998, 0.24000000000000002, 0.517, 0.5820000000000001, 0.641, 0.768, 1.322, 2.5140000000000002, 3.7369999999999997, 5.688000000000001, 5.978, 11.396999999999998, 22.386, 34.861000000000004, 50.4, 72.23100000000001, 139.78799999999998, 201.986, 261.067, 316.65500000000003], "siemsieve": [1.2329999999999999, 0.937, 0.963, 0.963, 0.9959999999999999, 3.4299999999999997, 6.664, 9.805, 8.574, 8.286, 30.381999999999998, 60.644999999999996, 65.026, 68.304, 71.771, 308.613, 622.224, 655.664, 692.99, 721.884, 1658.255, 1728.384, 1822.1609999999998, 1884.5069999999998], "rwh_primes2": [0.12999999999999998, 0.11, 0.156, 0.195, 0.229, 0.42000000000000004, 0.9309999999999999, 1.3190000000000002, 1.639, 1.9929999999999999, 4.176, 9.428, 12.785, 19.057000000000002, 19.91, 38.677, 75.98100000000001, 119.41, 160.507, 211.99499999999998, 353.888, 489.657, 614.648, 745.582]}